Name,Plan,Toddle Buddy,Cutomer journey stage,Strategic account,Contract signed statu,Payment status,Risk tag,Risk level,Days in risk,Onboarding lifecycle status,Days in Onboarding,Total Classes,Total Staff,Total Student,Total Units Created,Total LE,Total journal posts,Total Announcements,Percentage of students with parents,Helth Metric, Student/Staff ,Class/le,journal/announcement,With50-75,33_division,Student/Staff-Health,Class/le-Health,journal/announcement-Health,HealthMatrix With Indivisual Obserbation Of ratioes
School 1,360,Buddy 7,Adoption,No,O/F signed,Received,Not at risk,4. Not at risk,,Exit Survey,125,77,30,144,143,218,455,357,99,Excellent, 48.00 ,35.32 ,12.75 ,Poor,Poor,Concern,Concern,Poor,Concern
School 2,360,Buddy 4,Adoption,No,O/F signed,Received,Not at risk,4. Not at risk,,Exit Survey,38,10,45,141,56,436,"2,413",492,100,Excellent, 31.33 ,2.29 ,49.04 ,Poor,Poor,Concern,Poor,Concern,Concern
School 3,360,Buddy 10,Adoption,No,O/F signed,Received,Not at risk,4. Not at risk,,Exit Survey,31,70,143,783,70,"1,359","8,014","2,060",100,Excellent, 54.76 ,5.15 ,38.90 ,Poor,Poor,Concern,Poor,Concern,Concern
School 4,360,Buddy 7,Adoption,Yes,O/F signed,Received,Flagged,4. Not at risk,274,Exit Survey,102,95,98,134,230,"1,464",75,381,100,Excellent, 13.67 ,6.49 ,1.97 ,Poor,Poor,Poor,Poor,Poor,Poor
School 5,360,Buddy 7,Adoption,Yes,O/F signed,Received,Flagged,4. Not at risk,120,Exit Survey,105,256,57,427,309,"1,323",342,875,100,Excellent, 74.91 ,19.35 ,3.91 ,Poor,Poor,Excellent,Concern,Poor,Concern
School 6,360,Buddy 8,Adoption,No,O/F signed,Received,Not at risk,4. Not at risk,,Exit Survey,69,40,30,105,254,647,"2,154",149,0,Poor, 35.00 ,6.18 ,144.56 ,Poor,Poor,Concern,Poor,Excellent,Concern
School 7,Pro,Buddy 3,Onboarding,No,O/F out for sign,Billing Pending,Not at risk,4. Not at risk,,3. Account creation,11,27,27,0,3,0,0,0,0,Poor,0.00 ,0.00 ,0.00 ,Poor,Poor,Poor,Poor,Poor,Poor
School 8,360,Buddy 9,Adoption,No,O/F out for sign,Invoice Due-Payment Pending,Not at risk,4. Not at risk,,Exit Survey,92,23,60,262,30,66,"4,197",619,100,Excellent, 43.67 ,34.85 ,67.80 ,Concern,Concern,Concern,Concern,Concern,Concern
School 9,360,Buddy 1,Adoption,Yes,O/F out for sign,Received,Not at risk,4. Not at risk,,Exit survey,14,226,51,342,143,9,0,1,81,Concerning, 67.06 ,2511.11 ,0.00 ,Poor,Poor,Excellent,Excellent,Poor,Excellent
School 10,360,Buddy 5,Adoption,No,O/F signed,Received,At Risk,1. High,9,Exit Survey,170,214,38,214,285,790,735,122,64,Concerning, 56.32 ,27.09 ,60.25 ,Concern,Concern,Concern,Concern,Concern,Concern
School 11,360,Buddy 8,Adoption,No,O/F signed,Received,Flagged,4. Not at risk,,Exit survey,74,6,5,0,21,41,24,0,0,Poor,0.00 ,14.63 ,0.00 ,Poor,Poor,Poor,Concern,Poor,Concern
School 12,360,Buddy 3,Adoption,No,O/F signed,Received,Not at risk,4. Not at risk,,Exit Survey,16,50,38,118,191,329,7,251,97,Excellent, 31.05 ,15.20 ,0.28 ,Poor,Poor,Concern,Concern,Poor,Concern
School 13,360,Buddy 2,Adoption,Yes,PO Received,Invoice Due-Payment Pending,Flagged,4. Not at risk,,Exit survey,88,1,2,0,0,0,0,0,0,Poor,0.00 ,0.00 ,0.00 ,Poor,Poor,Poor,Poor,Poor,Poor
School 14,360,Buddy 3,Adoption,No,O/F signed,Received,At Risk,2. Medium,20,Exit Survey,115,15,41,317,36,72,"8,244",265,100,Excellent, 77.32 ,20.83 ,311.09 ,Poor,Poor,Excellent,Concern,Excellent,Excellent
School 15,360,Buddy 5,Onboarding,No,Awaiting PO,Payment Pending,Not at risk,4. Not at risk,,2. Kick off,100,0,0,0,0,0,0,0,0,Poor,0.0 ,0.00 ,0.00 ,Poor,Poor,Poor,Poor,Poor,Poor
School 16,Pro,Buddy 9,Adoption,No,Awaiting PO,Received,Not at risk,4. Not at risk,,Exit survey,131,8,10,0,25,4,0,0,0,Poor,0.00 ,200.00 ,0.00 ,Poor,Poor,Poor,Excellent,Poor,Concern
School 17,Pro,Buddy 10,Onboarding,No,O/F signed,Payment Pending,Not at risk,4. Not at risk,,4. Training,50,14,12,1,16,5,0,0,0,Poor, 0.83 ,280.00 ,0.00 ,Poor,Poor,Poor,Excellent,Poor,Concern
School 18,360,Buddy 7,Adoption,No,O/F signed,Received,Flagged,4. Not at risk,,4. Training,243,153,84,348,302,124,"5,052","1,270",100,Excellent, 41.43 ,123.39 ,39.78 ,Poor,Poor,Concern,Excellent,Concern,Concern
School 19,360,Buddy 7,Adoption,No,No O/F,Received,Not at risk,4. Not at risk,,4. Training,0,84,56,57,105,381,536,400,100,Excellent, 10.18 ,22.05 ,13.40 ,Poor,Poor,Poor,Concern,Poor,Concern
School 20,Pro,Buddy 10,Onboarding,No,O/F out for sign,Billing Pending,Not at risk,4. Not at risk,,4. Training,37,10,24,3,11,78,1,0,0,Poor, 1.25 ,12.82 ,0.00 ,Poor,Poor,Poor,Concern,Poor,Concern
School 21,360,Buddy 8,Adoption,No,O/F signed,Received,Not at risk,4. Not at risk,,4. Training,197,69,52,88,187,465,141,298,100,Excellent, 16.92 ,14.84 ,4.73 ,Poor,Poor,Poor,Concern,Poor,Concern
School 22,360,Buddy 8,Adoption,No,O/F signed,Received,Not at risk,4. Not at risk,,Exit Survey,113,9,50,143,42,484,"1,518",421,99,Excellent, 28.60 ,1.86 ,36.06 ,Poor,Poor,Poor,Poor,Concern,Concern
School 23,360,Buddy 1,Onboarding,No,PO Received,Received,Not at risk,4. Not at risk,,Introduction,9,0,0,0,0,0,0,0,0,Poor,0.0 ,0.00 ,0.00 ,Poor,Poor,Poor,Poor,Poor,Poor
School 24,360,Buddy 3,Adoption,Yes,Awaiting PO,Received,At Risk,3. Low,346,Introduction,1,17,27,222,33,18,11,0,0,Poor, 82.22 ,94.44 ,0.00 ,Poor,Poor,Excellent,Excellent,Poor,Excellent
School 25,360,Buddy 5,Adoption,No,O/F signed,Received,Not at risk,4. Not at risk,,Exit Survey,1,35,59,420,70,137,"3,098",648,95,Excellent, 71.19 ,25.55 ,47.81 ,Poor,Poor,Excellent,Concern,Concern,Concern
School 26,Pro,Buddy 3,Adoption,No,O/F signed,Received,Not at risk,4. Not at risk,,Exit survey,117,39,62,0,51,55,16,0,0,Poor,0.00 ,70.91 ,0.00 ,Poor,Poor,Poor,Excellent,Poor,Concern
School 27,360,Buddy 6,Adoption,Yes,O/F signed,Received,Flagged,4. Not at risk,200,Exit Survey,208,114,56,152,127,281,"3,082",0,99,Excellent, 27.14 ,40.57 ,0.00 ,Poor,Poor,Poor,Concern,Poor,Concern
School 28,360,Buddy 5,Adoption,No,No O/F,Received,Not at risk,4. Not at risk,,Exit Survey,66,15,45,280,36,210,"4,054",348,96,Excellent, 62.22 ,7.14 ,116.49 ,Poor,Poor,Excellent,Poor,Excellent,Excellent
School 29,360,Buddy 4,Adoption,No,O/F signed,Received,Not at risk,4. Not at risk,,Exit Survey,195,5,24,22,41,34,"1,211",42,91,Excellent, 9.17 ,14.71 ,288.33 ,Poor,Poor,Poor,Concern,Excellent,Concern
School 30,Pro,Buddy 3,Onboarding,No,O/F out for sign,Billing Pending,Not at risk,4. Not at risk,,3. Account creation,11,13,19,3,14,29,0,0,0,Poor, 1.58 ,44.83 ,0.00 ,Poor,Poor,Poor,Concern,Poor,Concern
School 31,360,Buddy 4,Adoption,No,O/F signed,Received,Not at risk,4. Not at risk,,Exit Survey,,37,15,82,136,"1,023",232,63,96,Excellent, 54.67 ,3.62 ,36.83 ,Poor,Poor,Concern,Poor,Concern,Concern
School 32,360,Buddy 4,Adoption,No,O/F signed,Received,Not at risk,4. Not at risk,,Exit Survey,77,19,13,22,93,466,340,27,64,Concerning, 16.92 ,4.08 ,125.93 ,Poor,Poor,Poor,Poor,Excellent,Concern
School 33,360,Buddy 2,Adoption,Yes,O/F signed,Invoice Due-Payment Pending,Not at risk,4. Not at risk,,Exit Survey,127,57,67,133,145,"1,138","1,234",93,98,Excellent, 19.85 ,5.01 ,132.69 ,Poor,Poor,Poor,Poor,Excellent,Concern
School 34,360,Buddy 7,Adoption,No,O/F signed,Received,Not at risk,4. Not at risk,,Exit Survey,19,23,66,433,87,805,563,"4,618",99,Excellent, 65.61 ,2.86 ,1.22 ,Poor,Poor,Excellent,Poor,Poor,Concern
School 35,360,Buddy 1,Adoption,No,O/F signed,Received,At Risk,2. Medium,6,4. Training,124,0,0,0,0,0,0,0,0,Poor,0.0 ,0.00 ,0.00 ,Poor,Poor,Poor,Poor,Poor,Poor
School 36,360,Buddy 1,Adoption,No,O/F signed,Received,Not at risk,4. Not at risk,,Exit Survey,5,166,36,215,113,237,"6,684",127,100,Excellent, 59.72 ,70.04 ,526.30 ,Poor,Excellent,Excellent,Excellent,Excellent,Excellent
School 37,360,Buddy 7,Adoption,Yes,O/F signed,Received,Not at risk,4. Not at risk,,Exit Survey,309,24,88,388,22,174,410,58,98,Excellent, 44.09 ,13.79 ,70.69 ,Poor,Concern,Concern,Concern,Concern,Concern
School 38,360,Buddy 7,Adoption,Yes,O/F signed,Received,Not at risk,4. Not at risk,,Exit Survey,309,64,185,"1,009",109,380,705,208,96,Excellent, 54.54 ,16.84 ,33.89 ,Poor,Concern,Concern,Concern,Concern,Concern
School 39,360,Buddy 3,Onboarding,Yes,O/F out for sign,Received,At Risk,3. Low,60,6. Go-live readiness,631,19,40,350,28,56,0,1,1,Poor, 87.50 ,33.93 ,0.00 ,Poor,Poor,Excellent,Concern,Poor,Concern
School 40,360,Buddy 7,Onboarding,Yes,O/F out for sign,Received,Flagged,4. Not at risk,18,4. Training,817,1,24,20,0,0,0,0,0,Poor, 8.33 ,0.00 ,0.00 ,Poor,Poor,Poor,Poor,Poor,Poor
School 41,Pro,Buddy 3,Onboarding,No,O/F out for sign,Payment Pending,Not at risk,4. Not at risk,,4. Training,37,18,9,0,0,0,0,0,0,Poor,0.00 ,0.00 ,0.00 ,Poor,Poor,Poor,Poor,Poor,Poor
School 42,360,Buddy 2,Adoption,No,O/F out for sign,Billing Pending,At Risk,1. High,50,Exit survey,161,17,45,105,81,161,147,9,99,Excellent, 23.33 ,10.56 ,163.33 ,Poor,Poor,Poor,Poor,Excellent,Concern
School 43,Pro,Buddy 5,Adoption,No,Awaiting PO,Invoice Due-Payment Pending,Not at risk,4. Not at risk,,Exit Survey,266,76,21,0,250,38,0,0,0,Poor,0.00 ,200.00 ,0.00 ,Poor,Poor,Poor,Excellent,Poor,Concern
School 44,Pro,Buddy 5,Adoption,No,Awaiting PO,Received,Not at risk,4. Not at risk,,Exit Survey,266,17,29,0,75,6,0,0,0,Poor,0.00 ,283.33 ,0.00 ,Poor,Poor,Poor,Excellent,Poor,Concern
School 45,360,Buddy 10,Onboarding,No,O/F signed,Received,Not at risk,4. Not at risk,,6. Go-live readiness,122,26,59,0,71,613,0,0,0,Poor,0.00 ,4.24 ,0.00 ,Poor,Poor,Poor,Poor,Poor,Poor
School 46,360,Buddy 3,Adoption,Yes,Awaiting PO,Received,Flagged,4. Not at risk,,Introduction,108,166,70,796,261,892,2,0,0,Poor, 113.71 ,18.61 ,0.00 ,Poor,Poor,Excellent,Concern,Poor,Concern
School 47,360,Buddy 6,Adoption,Yes,Awaiting PO,Received,At Risk,2. Medium,43,Exit Survey,134,9,16,158,45,48,383,0,76,Concerning, 98.75 ,18.75 ,0.00 ,Poor,Poor,Excellent,Concern,Poor,Concern
School 48,360,Buddy 5,Adoption,Yes,O/F signed,Received,Flagged,4. Not at risk,,4. Training,247,111,40,163,186,832,"2,456",137,98,Excellent, 40.75 ,13.34 ,179.27 ,Poor,Poor,Concern,Concern,Excellent,Concern
School 49,Pro,Buddy 5,Onboarding,No,PO Received,Payment Pending,Not at risk,4. Not at risk,,4. Training,44,18,23,0,71,187,1,0,0,Poor,0.00 ,9.63 ,0.00 ,Poor,Poor,Poor,Poor,Poor,Poor
School 50,360,Buddy 2,Onboarding,No,O/F signed,Payment Pending,Not at risk,4. Not at risk,,2. Kick off,23,10,14,217,15,68,68,0,0,Poor, 155.00 ,14.71 ,0.00 ,Poor,Poor,Excellent,Concern,Poor,Concern
School 51,360,Buddy 4,Adoption,No,O/F signed,Received,Not at risk,4. Not at risk,,4. Training,37,9,23,206,32,34,224,3,99,Excellent, 89.57 ,26.47 ,746.67 ,Poor,Poor,Excellent,Concern,Excellent,Excellent
School 52,Pro,Buddy 3,Onboarding,No,Awaiting PO,Payment Pending,Not at risk,4. Not at risk,,4. Training,31,32,223,0,26,188,0,0,0,Poor,0.00 ,17.02 ,0.00 ,Poor,Poor,Poor,Concern,Poor,Concern
School 53,Pro,Buddy 5,Adoption,No,Awaiting PO,Received,Not at risk,4. Not at risk,,Exit Survey,72,23,23,0,34,0,0,0,0,Poor,0.00 ,0.00 ,0.00 ,Poor,Poor,Poor,Poor,Poor,Poor
School 54,360,Buddy 4,Adoption,No,O/F signed,Received,At Risk,3. Low,147,Exit Survey,124,53,33,84,142,144,341,30,85,Concerning, 25.45 ,36.81 ,113.67 ,Poor,Poor,Poor,Concern,Concern,Concern
School 55,360,Buddy 6,Adoption,No,O/F signed,Received,Not at risk,4. Not at risk,,Exit Survey,1,40,116,789,58,219,"8,118",0,6,Poor, 68.02 ,18.26 ,0.00 ,Poor,Poor,Excellent,Concern,Poor,Concern
School 56,360,Buddy 4,Adoption,Yes,O/F signed,Invoice Due-Payment Pending,Not at risk,4. Not at risk,,Exit Survey,1,26,60,621,74,196,"4,343",3,89,Concerning, 103.50 ,13.27 ,14476.67 ,Poor,Poor,Excellent,Concern,Excellent,Excellent
School 57,360,Buddy 10,Onboarding,No,PO Received,Received,Not at risk,4. Not at risk,74,4. Training,474,25,19,38,74,78,0,0,0,Poor, 20.00 ,32.05 ,0.00 ,Poor,Poor,Poor,Concern,Poor,Concern
School 58,360,Buddy 5,Adoption,Yes,O/F signed,Received,Not at risk,4. Not at risk,,Exit Survey,218,10,30,193,51,11,764,96,99,Excellent, 64.33 ,90.91 ,79.58 ,Concern,Poor,Excellent,Excellent,Concern,Excellent
School 59,360,Buddy 5,Adoption,Yes,O/F signed,Received,Not at risk,4. Not at risk,,Exit Survey,73,184,35,247,391,"1,077",124,54,100,Excellent, 70.57 ,17.08 ,22.96 ,Poor,Poor,Excellent,Concern,Poor,Concern
School 60,Pro,Buddy 2,Adoption,No,PO Received,Received,Not at risk,4. Not at risk,,Exit Survey,80,45,31,0,172,76,0,0,0,Poor,0.00 ,59.21 ,0.00 ,Poor,Poor,Poor,Excellent,Poor,Concern
School 61,360,Buddy 10,Onboarding,Yes,O/F out for sign,Received,Not at risk,4. Not at risk,,3. Account creation,164,30,45,505,2,0,1,0,0,Poor, 112.22 ,0.00 ,0.00 ,Poor,Poor,Excellent,Poor,Poor,Concern
School 62,360,Buddy 6,Adoption,Yes,O/F signed,Received,Not at risk,4. Not at risk,,Exit Survey,60,61,193,"1,442",50,"5,445","24,895","1,067",89,Concerning, 74.72 ,1.12 ,233.32 ,Poor,Poor,Excellent,Poor,Excellent,Excellent
School 63,Pro,Buddy 8,Onboarding,No,O/F signed,Payment Pending,Not at risk,4. Not at risk,,3. Account creation,30,13,21,13,32,1,0,0,0,Poor, 6.19 ,1300.00 ,0.00 ,Poor,Poor,Poor,Excellent,Poor,Concern
School 64,360,Buddy 5,Adoption,No,O/F signed,Received,Not at risk,4. Not at risk,1,Exit Survey,39,9,18,52,172,159,157,260,96,Excellent, 28.89 ,5.66 ,6.04 ,Poor,Poor,Poor,Poor,Poor,Poor
School 65,360,Buddy 2,Onboarding,No,O/F signed,Received,Not at risk,4. Not at risk,,6. Go-live readiness,173,37,24,31,227,497,12,5,100,Excellent, 12.92 ,7.44 ,24.00 ,Poor,Poor,Poor,Poor,Poor,Poor
School 66,360,Buddy 8,Adoption,No,O/F signed,Received,Not at risk,4. Not at risk,,Exit Survey,8,8,29,108,56,59,999,197,98,Excellent, 37.24 ,13.56 ,50.71 ,Poor,Concern,Concern,Concern,Concern,Concern
School 67,360,Buddy 2,Adoption,No,O/F signed,Received,Not at risk,4. Not at risk,,Exit Survey,1,149,92,409,196,88,"2,715",484,99,Excellent, 44.46 ,169.32 ,56.10 ,Poor,Poor,Concern,Excellent,Concern,Concern
School 68,360,Buddy 6,Adoption,No,O/F signed,Received,At Risk,3. Low,106,Exit Survey,104,160,35,180,391,471,0,0,41,Poor, 51.43 ,33.97 ,0.00 ,Poor,Poor,Concern,Concern,Poor,Concern
School 69,360,Buddy 7,Adoption,Yes,O/F signed,Invoice Due-Payment Pending,Not at risk,4. Not at risk,36,Exit survey,358,276,110,431,468,"3,370","3,104",245,99,Excellent, 39.18 ,8.19 ,126.69 ,Poor,Poor,Concern,Poor,Excellent,Concern
School 70,360,Buddy 1,Onboarding,No,O/F out for sign,Billing Pending,Not at risk,4. Not at risk,,3. Account creation,86,0,0,0,0,0,0,0,0,Poor,0.0 ,0.00 ,0.00 ,Poor,Poor,Poor,Poor,Poor,Poor
School 71,360,Buddy 2,Onboarding,Yes,O/F signed,Payment Pending,Not at risk,4. Not at risk,,Introduction,10,0,0,0,0,0,0,0,0,Poor,0.0 ,0.00 ,0.00 ,Poor,Poor,Poor,Poor,Poor,Poor
School 72,360,Buddy 4,Adoption,Yes,O/F signed,Invoice Due-Payment Pending,Not at risk,4. Not at risk,,Exit Survey,140,25,93,316,72,720,"3,341",686,100,Excellent, 33.98 ,3.47 ,48.70 ,Poor,Poor,Concern,Poor,Concern,Concern
School 73,360,Buddy 2,Adoption,No,O/F out for sign,Received,Not at risk,4. Not at risk,,Exit Survey,,85,67,460,30,10,"3,494",236,96,Excellent, 68.66 ,850.00 ,148.05 ,Excellent,Excellent,Excellent,Excellent,Excellent,Excellent
School 74,360,Buddy 10,Adoption,No,PO Received,Received,Not at risk,4. Not at risk,,Exit Survey,81,255,62,810,327,90,80,0,93,Excellent, 130.65 ,283.33 ,0.00 ,Poor,Poor,Excellent,Excellent,Poor,Excellent
School 75,Pro,Buddy 10,Adoption,No,PO Received,Received,Not at risk,4. Not at risk,,Exit Survey,300,7,22,0,42,1,2,0,0,Poor,0.00 ,700.00 ,0.00 ,Poor,Poor,Poor,Excellent,Poor,Concern
School 76,360,Buddy 7,Onboarding,No,PO Received,Received,Not at risk,4. Not at risk,,6. Go-live readiness,171,36,30,93,31,82,0,0,0,Poor, 31.00 ,43.90 ,0.00 ,Poor,Poor,Concern,Concern,Poor,Concern
School 77,360,Buddy 5,Adoption,Yes,PO Received,Received,At Risk,1. High,227,Exit Survey,52,272,38,471,58,41,"1,464",0,4,Poor, 123.95 ,663.41 ,0.00 ,Poor,Poor,Excellent,Excellent,Poor,Excellent
School 78,360,Buddy 8,Adoption,No,O/F signed,Invoice Due-Payment Pending,At Risk,3. Low,10,Exit survey,87,4,5,75,10,30,6,0,1,Poor, 150.00 ,13.33 ,0.00 ,Poor,Poor,Excellent,Concern,Poor,Concern
School 79,360,Buddy 2,Adoption,No,O/F signed,Received,Not at risk,4. Not at risk,,Exit Survey,104,21,48,324,30,211,"4,824",264,100,Excellent, 67.50 ,9.95 ,182.73 ,Poor,Poor,Excellent,Poor,Excellent,Excellent
School 80,Pro,Buddy 9,Adoption,Yes,Awaiting PO,Invoice Due-Payment Pending,At Risk,1. High,351,Exit Survey,131,36,17,0,7,0,0,0,0,Poor,0.00 ,0.00 ,0.00 ,Poor,Poor,Poor,Poor,Poor,Poor
School 81,360,Buddy 9,Adoption,No,O/F signed,Received,Not at risk,4. Not at risk,,Exit survey,278,77,30,56,253,"1,212",849,158,100,Excellent, 18.67 ,6.35 ,53.73 ,Poor,Poor,Poor,Poor,Concern,Concern
School 82,360,Buddy 9,Adoption,No,O/F signed,Received,Not at risk,4. Not at risk,,Exit survey,278,37,35,63,90,805,741,137,98,Excellent, 18.00 ,4.60 ,54.09 ,Poor,Poor,Poor,Poor,Concern,Concern
School 83,360,Buddy 3,Onboarding,Yes,Awaiting PO,Received,At Risk,3. Low,351,4. Training,758,180,117,437,250,54,1,0,0,Poor, 37.35 ,333.33 ,0.00 ,Poor,Poor,Concern,Excellent,Poor,Concern
School 84,360,Buddy 5,Adoption,No,O/F out for sign,Received,Flagged,4. Not at risk,,4. Training,167,129,31,118,265,857,827,426,100,Excellent, 38.06 ,15.05 ,19.41 ,Poor,Poor,Concern,Concern,Poor,Concern
School 85,360,Buddy 4,Adoption,No,O/F signed,Invoice Due-Payment Pending,Not at risk,4. Not at risk,,Exit survey,71,18,12,18,65,70,3,1,100,Excellent, 15.00 ,25.71 ,30.00 ,Poor,Poor,Poor,Concern,Poor,Concern
School 86,Pro,Buddy 3,Onboarding,Yes,O/F signed,Received,Flagged,4. Not at risk,190,4. Training,572,17,22,0,46,0,0,0,0,Poor,0.00 ,0.00 ,0.00 ,Poor,Poor,Poor,Poor,Poor,Poor
School 87,360,Buddy 6,Adoption,No,O/F signed,Received,Not at risk,4. Not at risk,,Exit survey,80,23,23,33,89,110,9,22,100,Excellent, 14.35 ,20.91 ,4.09 ,Poor,Poor,Poor,Concern,Poor,Concern
School 88,Pro,Buddy 6,Onboarding,No,O/F signed,Payment Pending,Not at risk,4. Not at risk,,5. Information transfer,37,13,14,0,25,5,15,0,0,Poor,0.00 ,260.00 ,0.00 ,Poor,Poor,Poor,Excellent,Poor,Concern
School 89,360,Buddy 9,Adoption,No,Awaiting PO,Invoice Due-Payment Pending,Not at risk,4. Not at risk,,Exit Survey,0,121,21,337,137,108,5,0,0,Poor, 160.48 ,112.04 ,0.00 ,Poor,Poor,Excellent,Excellent,Poor,Excellent
School 90,360,Buddy 8,Adoption,No,O/F signed,Received,Flagged,4. Not at risk,7,Exit Survey,45,13,38,150,59,448,"3,983",459,95,Excellent, 39.47 ,2.90 ,86.78 ,Poor,Poor,Concern,Poor,Concern,Concern
School 91,Pro,Buddy 6,Adoption,No,Awaiting PO,Received,At Risk,3. Low,180,Exit Survey,1,8,9,0,40,69,0,0,0,Poor,0.00 ,11.59 ,0.00 ,Poor,Poor,Poor,Poor,Poor,Poor
School 92,360,Buddy 1,Adoption,No,O/F signed,Received,Not at risk,4. Not at risk,,Exit Survey,78,92,76,227,137,107,"2,076",183,70,Concerning, 29.87 ,85.98 ,113.44 ,Poor,Poor,Concern,Excellent,Concern,Concern
School 93,360,Buddy 7,Onboarding,No,O/F signed,Received,Flagged,4. Not at risk,,6. Go-live readiness,125,302,115,720,717,"3,416","10,335",888,100,Excellent, 62.61 ,8.84 ,116.39 ,Poor,Poor,Excellent,Poor,Excellent,Excellent
School 94,Pro,Buddy 10,Adoption,No,PO Received,Invoice Due-Payment Pending,Not at risk,4. Not at risk,,Exit Survey,180,65,35,0,242,117,24,0,0,Poor,0.00 ,55.56 ,0.00 ,Poor,Poor,Poor,Excellent,Poor,Concern
School 95,360,Buddy 8,Adoption,Yes,O/F signed,Received,Not at risk,4. Not at risk,,Exit Survey,1,23,68,414,75,134,88,2,0,Poor, 60.88 ,17.16 ,440.00 ,Poor,Poor,Excellent,Concern,Excellent,Excellent
School 96,360,Buddy 7,Onboarding,No,O/F out for sign,Billing Pending,Not at risk,4. Not at risk,,Introduction,9,0,0,0,0,0,0,0,0,Poor,0.0 ,0.00 ,0.00 ,Poor,Poor,Poor,Poor,Poor,Poor
School 97,360,Buddy 2,Onboarding,No,O/F out for sign,Billing Pending,Not at risk,4. Not at risk,,3. Account creation,11,1,2,0,1,0,0,0,0,Poor,0.00 ,0.00 ,0.00 ,Poor,Poor,Poor,Poor,Poor,Poor
School 98,360,Buddy 1,Adoption,No,O/F out for sign,Received,Not at risk,4. Not at risk,,4. Training,244,68,80,228,140,645,"5,312",178,96,Excellent, 28.50 ,10.54 ,298.43 ,Poor,Poor,Poor,Poor,Excellent,Concern
School 99,360,Buddy 4,Adoption,Yes,O/F signed,Received,At Risk,1. High,350,Exit Survey,320,403,157,887,129,131,0,0,100,Excellent, 56.50 ,307.63 ,0.00 ,Poor,Poor,Concern,Excellent,Poor,Concern
School 100,360,Buddy 3,Adoption,No,Awaiting PO,Received,Not at risk,4. Not at risk,23,Exit Survey,223,13,24,250,21,2,757,0,0,Poor, 104.17 ,650.00 ,0.00 ,Poor,Poor,Excellent,Excellent,Poor,Excellent
School 101,360,Buddy 9,Onboarding,No,Awaiting PO,Billing Pending,Not at risk,4. Not at risk,,4. Training,18,34,26,27,6,7,0,0,0,Poor, 10.38 ,485.71 ,0.00 ,Poor,Poor,Poor,Excellent,Poor,Concern
School 102,Pro,Buddy 8,Adoption,Yes,O/F signed,Received,At Risk,3. Low,310,Exit Survey,182,21,13,0,14,21,0,2,0,Poor,0.00 ,100.00 ,0.00 ,Poor,Poor,Poor,Excellent,Poor,Concern
School 103,360,Buddy 2,Onboarding,No,O/F signed,Received,At Risk,2. Medium,23,6. Go-live readiness,132,1,2,8,1,1,1,0,0,Poor, 40.00 ,100.00 ,0.00 ,Poor,Poor,Concern,Excellent,Poor,Concern
School 104,360,Buddy 1,Adoption,No,O/F signed,Received,Not at risk,4. Not at risk,,Exit Survey,25,97,37,84,270,"1,278","1,103",126,96,Excellent, 22.70 ,7.59 ,87.54 ,Poor,Poor,Poor,Poor,Concern,Concern
School 105,360,Buddy 1,Adoption,No,O/F signed,Received,Not at risk,4. Not at risk,,Exit Survey,25,44,51,169,75,220,"2,428",147,99,Excellent, 33.14 ,20.00 ,165.17 ,Poor,Poor,Concern,Concern,Excellent,Concern
School 106,Pro,Buddy 7,Adoption,Yes,O/F signed,Received,Flagged,4. Not at risk,88,Exit Survey,1,6,36,0,23,1,14,0,0,Poor,0.00 ,600.00 ,0.00 ,Poor,Poor,Poor,Excellent,Poor,Concern
School 107,360,Buddy 6,Onboarding,No,PO Received,Received,Not at risk,4. Not at risk,,4. Training,133,124,107,3,349,"2,567",0,0,0,Poor, 0.28 ,4.83 ,0.00 ,Poor,Poor,Poor,Poor,Poor,Poor
School 108,360,Buddy 3,Onboarding,Yes,PO Received,Received,At Risk,2. Medium,351,4. Training,544,24,0,0,36,0,0,0,0,Poor,0.0 ,0.00 ,0.00 ,Poor,Poor,Poor,Poor,Poor,Poor
School 109,360,Buddy 7,Adoption,Yes,PO Received,Received,At Risk,1. High,330,Exit Survey,6,89,60,0,0,0,0,0,0,Poor,0.00 ,0.00 ,0.00 ,Poor,Poor,Poor,Poor,Poor,Poor
School 110,Pro,Buddy 10,Adoption,Yes,Awaiting PO,Received,At Risk,3. Low,296,Exit Survey,114,40,49,0,42,4,0,1,0,Poor,0.00 ,1000.00 ,0.00 ,Poor,Poor,Poor,Excellent,Poor,Concern
School 111,360,Buddy 6,Onboarding,Yes,O/F out for sign,Received,At Risk,1. High,277,4. Training,624,138,40,237,154,2,0,0,63,Concerning, 59.25 ,6900.00 ,0.00 ,Poor,Poor,Excellent,Excellent,Poor,Excellent
School 112,360,Buddy 1,Onboarding,No,O/F out for sign,Billing Pending,Not at risk,4. Not at risk,,2. Kick off,13,0,0,0,0,0,0,0,0,Poor,0.0 ,0.00 ,0.00 ,Poor,Poor,Poor,Poor,Poor,Poor
School 113,Pro,Buddy 10,Adoption,No,O/F signed,Invoice Due-Payment Pending,Not at risk,4. Not at risk,,Exit Survey,101,26,34,0,139,0,0,0,0,Poor,0.00 ,0.00 ,0.00 ,Poor,Poor,Poor,Poor,Poor,Poor
School 114,360,Buddy 4,Adoption,Yes,PO Received,Received,At Risk,1. High,138,Exit Survey,79,41,40,0,50,0,0,0,0,Poor,0.00 ,0.00 ,0.00 ,Poor,Poor,Poor,Poor,Poor,Poor
School 115,Pro,Buddy 4,Adoption,Yes,PO Received,Payment Pending,Flagged,4. Not at risk,64,Exit survey,335,26,38,0,39,7,2,0,0,Poor,0.00 ,371.43 ,0.00 ,Poor,Poor,Poor,Excellent,Poor,Concern
School 116,360,Buddy 6,Adoption,No,O/F out for sign,Received,Not at risk,4. Not at risk,,Exit Survey,441,70,26,96,161,621,54,48,43,Poor, 36.92 ,11.27 ,11.25 ,Poor,Poor,Concern,Poor,Poor,Concern
School 117,360,Buddy 6,Onboarding,No,O/F signed,Invoice Due-Payment Pending,Not at risk,4. Not at risk,,4. Training,94,109,32,123,175,183,17,11,0,Poor, 38.44 ,59.56 ,15.45 ,Poor,Poor,Concern,Excellent,Poor,Concern
School 118,360,Buddy 10,Onboarding,Yes,O/F signed,Received,Not at risk,4. Not at risk,,4. Training,97,23,13,3,8,1,0,40,0,Poor, 2.31 ,2300.00 ,0.00 ,Poor,Poor,Poor,Excellent,Poor,Concern
School 119,360,Buddy 9,Adoption,No,Awaiting PO,Received,Not at risk,4. Not at risk,,Exit Survey,202,12,41,159,54,168,454,0,1,Poor, 38.78 ,7.14 ,0.00 ,Poor,Poor,Concern,Poor,Poor,Concern
School 120,360,Buddy 1,Onboarding,No,O/F signed,Received,Not at risk,4. Not at risk,,5. Information transfer,135,12,12,7,18,96,45,46,100,Excellent, 5.83 ,12.50 ,9.78 ,Poor,Poor,Poor,Concern,Poor,Concern
School 121,360,Buddy 1,Onboarding,No,O/F signed,Received,Not at risk,4. Not at risk,,6. Go-live readiness,11,11,12,42,23,36,11,0,2,Poor, 35.00 ,30.56 ,0.00 ,Poor,Poor,Concern,Concern,Poor,Concern
School 122,360,Buddy 9,Adoption,No,O/F out for sign,Received,Not at risk,4. Not at risk,,Exit Survey,57,9,34,143,105,238,"2,445",531,100,Excellent, 42.06 ,3.78 ,46.05 ,Poor,Poor,Concern,Poor,Concern,Concern
School 123,360,Buddy 4,Adoption,No,TBV,,Not at risk,4. Not at risk,,6. Go-live readiness,51,82,82,37,108,138,156,63,97,Excellent, 4.51 ,59.42 ,24.76 ,Poor,Poor,Poor,Excellent,Poor,Concern
School 124,360,Buddy 1,Adoption,No,Awaiting PO,Received,Not at risk,4. Not at risk,,Exit Survey,166,161,43,237,243,"2,040",37,210,100,Excellent, 55.12 ,7.89 ,1.76 ,Poor,Poor,Concern,Poor,Poor,Concern
School 125,360,Buddy 6,Onboarding,No,O/F signed,Invoice Due-Payment Pending,Not at risk,4. Not at risk,,4. Training,94,13,10,3,46,11,1,1,0,Poor, 3.00 ,118.18 ,10.00 ,Poor,Poor,Poor,Excellent,Poor,Concern
School 126,Pro,Buddy 10,Adoption,No,O/F signed,Invoice Due-Payment Pending,Not at risk,4. Not at risk,,4. Training,64,31,35,0,100,10,0,0,0,Poor,0.00 ,310.00 ,0.00 ,Poor,Poor,Poor,Excellent,Poor,Concern
School 127,Pro,Buddy 7,Adoption,No,Awaiting PO,Received,At Risk,1. High,279,Exit Survey,108,86,26,0,0,0,0,0,0,Poor,0.00 ,0.00 ,0.00 ,Poor,Poor,Poor,Poor,Poor,Poor
School 128,360,Buddy 2,Adoption,No,O/F signed,Received,Not at risk,4. Not at risk,,Exit Survey,67,5,25,71,32,507,853,1,94,Excellent, 28.40 ,0.99 ,8530.00 ,Poor,Poor,Poor,Poor,Excellent,Concern
School 129,360,Buddy 2,Adoption,No,O/F signed,Received,At Risk,2. Medium,20,Exit survey,122,22,74,111,62,31,418,29,1,Poor, 15.00 ,70.97 ,144.14 ,Poor,Poor,Poor,Excellent,Excellent,Excellent
School 130,360,Buddy 9,Adoption,No,O/F signed,Received,Not at risk,4. Not at risk,,Exit Survey,1,14,29,164,70,687,479,0,65,Concerning, 56.55 ,2.04 ,0.00 ,Poor,Poor,Concern,Poor,Poor,Concern
School 131,Pro,Buddy 8,Adoption,No,O/F out for sign,Received,Not at risk,4. Not at risk,,Exit Survey,186,9,17,0,87,696,"1,016",0,0,Poor,0.00 ,1.29 ,0.00 ,Poor,Poor,Poor,Poor,Poor,Poor
School 132,360,Buddy 9,Adoption,No,O/F signed,Received,Not at risk,4. Not at risk,,Exit Survey,1,47,82,284,234,540,"9,630",150,100,Excellent, 34.63 ,8.70 ,642.00 ,Poor,Poor,Concern,Poor,Excellent,Concern
School 133,360,Buddy 2,Adoption,No,O/F signed,Received,Not at risk,4. Not at risk,123,Exit Survey,102,16,21,231,166,852,83,0,1,Poor, 110.00 ,1.88 ,0.00 ,Poor,Poor,Excellent,Poor,Poor,Concern
School 134,360,Buddy 9,Adoption,No,O/F signed,Received,Not at risk,4. Not at risk,,Exit Survey,72,9,24,96,86,"1,005","1,396",108,98,Excellent, 40.00 ,0.90 ,129.26 ,Poor,Poor,Concern,Poor,Excellent,Concern
School 135,Pro,Buddy 10,Adoption,Yes,Awaiting PO,Received,At Risk,3. Low,351,Exit Survey,1,7,27,0,44,0,0,0,0,Poor,0.00 ,0.00 ,0.00 ,Poor,Poor,Poor,Poor,Poor,Poor
School 136,360,Buddy 8,Adoption,No,O/F signed,Received,Not at risk,4. Not at risk,,Exit Survey,1,31,79,560,111,"1,107","16,575",667,99,Excellent, 70.89 ,2.80 ,248.50 ,Poor,Poor,Excellent,Poor,Excellent,Excellent
School 137,360,Buddy 1,Onboarding,No,O/F out for sign,Received,Not at risk,4. Not at risk,,4. Training,128,10,15,101,44,150,0,0,0,Poor, 67.33 ,6.67 ,0.00 ,Poor,Poor,Excellent,Poor,Poor,Concern
School 138,360,Buddy 7,Adoption,No,O/F signed,Received,At Risk,2. Medium,31,Exit Survey,326,0,0,0,0,0,0,0,0,Poor,0.0 ,0.00 ,0.00 ,Poor,Poor,Poor,Poor,Poor,Poor
School 139,360,Buddy 8,Onboarding,Yes,O/F out for sign,Received,At Risk,3. Low,39,4. Training,267,59,20,17,30,4,0,0,82,Concerning, 8.50 ,1475.00 ,0.00 ,Poor,Poor,Poor,Excellent,Poor,Concern
School 140,360,Buddy 8,Adoption,No,O/F signed,Invoice Due-Payment Pending,Flagged,4. Not at risk,,Exit survey,76,333,66,353,"1,355","2,298","3,309",482,99,Excellent, 53.48 ,14.49 ,68.65 ,Poor,Concern,Concern,Concern,Concern,Concern
School 141,360,Buddy 1,Adoption,Yes,O/F signed,Received,Not at risk,4. Not at risk,,Exit Survey,197,376,74,592,424,"1,009","1,112",863,100,Excellent, 80.00 ,37.26 ,12.89 ,Poor,Poor,Excellent,Concern,Poor,Concern
School 142,360,Buddy 1,Onboarding,Yes,O/F signed,Received,At Risk,1. High,267,4. Training,546,43,40,655,49,6,0,0,0,Poor, 163.75 ,716.67 ,0.00 ,Poor,Poor,Excellent,Excellent,Poor,Excellent
School 143,360,Buddy 7,Adoption,No,O/F signed,Received,Not at risk,4. Not at risk,,Exit Survey,121,57,62,250,72,334,"7,684",324,100,Excellent, 40.32 ,17.07 ,237.16 ,Poor,Poor,Concern,Concern,Excellent,Concern
School 144,360,Buddy 10,Adoption,No,O/F signed,Received,Not at risk,4. Not at risk,106,Exit Survey,104,9,43,92,6,8,10,22,47,Poor, 21.40 ,112.50 ,4.55 ,Poor,Poor,Poor,Excellent,Poor,Concern
School 145,Pro,Buddy 8,Adoption,No,O/F signed,Received,Not at risk,4. Not at risk,,Exit Survey,11,35,11,0,152,532,0,0,0,Poor,0.00 ,6.58 ,0.00 ,Poor,Poor,Poor,Poor,Poor,Poor
School 146,Pro,Buddy 3,Adoption,No,Awaiting PO,Received,Not at risk,4. Not at risk,,Exit survey,100,24,3,3,12,4,0,0,0,Poor, 10.00 ,600.00 ,0.00 ,Poor,Poor,Poor,Excellent,Poor,Concern
School 147,360,Buddy 4,Onboarding,Yes,O/F signed,Received,At Risk,2. Medium,36,3. Account creation,98,13,2,4,34,0,0,0,0,Poor, 20.00 ,0.00 ,0.00 ,Poor,Poor,Poor,Poor,Poor,Poor
School 148,360,Buddy 6,Onboarding,No,PO Received,Received,At Risk,3. Low,86,4. Training,296,40,7,256,1,0,0,0,1,Poor, 365.71 ,0.00 ,0.00 ,Poor,Poor,Excellent,Poor,Poor,Concern
School 149,360,Buddy 9,Onboarding,No,PO Received,Received,At Risk,3. Low,192,4. Training,222,34,51,460,51,19,168,117,54,Poor, 90.20 ,178.95 ,14.36 ,Poor,Poor,Excellent,Excellent,Poor,Excellent
School 150,360,Buddy 6,Onboarding,No,PO Received,Received,At Risk,3. Low,76,4. Training,294,35,22,369,0,0,0,0,0,Poor, 167.73 ,0.00 ,0.00 ,Poor,Poor,Excellent,Poor,Poor,Concern
School 151,360,Buddy 1,Onboarding,No,O/F signed,Received,Flagged,4. Not at risk,,4. Training,161,9,48,100,92,94,2,2,9,Poor, 20.83 ,9.57 ,10.00 ,Poor,Poor,Poor,Poor,Poor,Poor
